address,amount,tokenId
0x37D93e2358B619A8808Ecb7A9169B73CE908d0EA,2000000000,0
0xEf700c0ffb400EfdEB3F035370Cb4943CC8625F5,2000000000,3
0x4E251ee33f4B5A488C06B1E00CbABab7D9EBb89e,2000000000,5
0x1CED1a58EBb882637E9Efb9fCC05c4A48cAb8A4a,2000000000,6
0x5ca8C6Fe72726CeD7384f53c51922f759D6373B1,2000000000,7
0x30c19e57C3AB59Cb268f2132A2d6A633A1D90f8f,2000000000,8
0x91a4Dc56CE7d09180F2FA14b3e6Ef4d17B93A3e8,2000000000,9
0xFB1e2e86c28Ef4fe6caEf8f4122F54EB5Bed6387,2000000000,10
0x67aF611092DD107C5669a1bc2c722C33EEc5f13B,2000000000,11
0xeC3D6B6d86AACCF35D41c35B9D7aD1f2Ce216D5b,2000000000,12
0xf9afAC7CE2f48dE39980F268EC615968fc75b3A5,2000000000,13
0x86aE4987f5198D5874C027A61D7C4BD670D4d970,2000000000,15
0x99107E07D2A8d470aDcf2c4DF11d7394e2957b65,2000000000,14
0xC52d1D5e666a2455085517116F88c50aBe289Ef4,2000000000,17
0x7eEc7C582B2859A40C467881a1dd2fa95d41B240,2000000000,16
0x4Df0F99AE2C48f9224a521af89201f556a9D0761,2000000000,19
0xe42e098e6C7817430526B2295D1CEB7CEf511702,2000000000,21
0x228f03Bc4dE394DE70FE45F222482b8FB6906baA,2000000000,18
0x628a1657cc43cEAa5141af0E30F3cd014a7Ae5F4,2000000000,20
0x2f29482281cCAbbDC3CcADb8D552CcE04C81fA06,2000000000,23
0x8Cf692166536ca3326C107422FC8B8681c40c39B,2000000000,22
0xEC8De410D2486BC95B84f220208C59081F1cf84E,2000000000,25
0x44753812aEb743d6E4d8DFC7f785f608a14c3d7D,2000000000,24
0xA66BC70F0D3a36c7a80fB265429f8a3A67ba0c19,2000000000,27
0xAe867A46DAdBfe77657Fad3ddB28369F4e939A8b,2000000000,28
0xb9809D9B2342f71bDA7017c2beDE1a381bAF1DC0,2000000000,26
0x1B59993D4919e3eBEE191104cE688c840C53DC22,2000000000,29
0x520D1372fbBeF16198930Ce1a3b07d60da6c70e0,2000000000,30
0x36720b7Da2eE6979288A0c3fD225b05C4bD65aBd,2000000000,31
0xA6629CA99240448731969d0F897484CbEA683b38,2000000000,33
0x8c50F0fac69e4cd773e6eEf718d117539b7D22BC,2000000000,32
0x70b7c4cD8aB7887844267787D25208f3bCF96453,2000000000,35
0x8255Ed7B74197171ef613D80D1E8aa5F6BB94Ad1,2000000000,34
0xf5282442f63b1f1a6Af53E55F3CCdA83043A3a5f,2000000000,37
0xa5921aFC7Ab53dfedb874057F42949201DAE5104,2000000000,4
0xA9Bf6FCF8f2dA80309A9A9dA5B1d1d34F763e912,2000000000,38
0x6380947FeA5413c68662Eb0dfa92339775b60EDD,2000000000,36
0x92dAee53a919dc821679eCd9c93AE7F32ca6624C,2000000000,40
0xA005558218fbd1b91DE8Fb9fdFF1e029917B07A2,2000000000,42
0xE47aB6bEA815ff980E87622B422b04B0F44b81Fc,2000000000,43
0xB83232d42d804ae995fF18e6E1bcaF2881bB1336,2000000000,44
0x46553F03657bFe118fDcc476F6bbA731D5d5668B,2000000000,46
0xD6CC88f509251e1417870226549dC3d29f8864fA,2000000000,39
0xbf683BDB370A99C2CD57b979A77d9780AF4DC55f,2000000000,45
0x4ab0bD67aCe809b0E527165251C099164884D347,2000000000,47
0x373C551D6Df5E76c8f9624A7352c3265C4D26387,2000000000,48
0xB026cFCB8BC2eFA597f8Cb8B27C8D25bc7694209,2000000000,49
0x795271D0DB2D322b1555ff3411EAa823dA7563cb,2000000000,52
0xC3468D512D8d3198A5ed1Da7EA39038FcCF0fe0c,2000000000,53
0x499bFf4646879c84b6c5d3d114972b683f600133,2000000000,51
0xe7dB1488f508498a6aFeA5332580D4A07229A96A,2000000000,50
0xB374ee5afE58Cbb7C4A76ABA8f14A2c9c71828A6,2000000000,54
0x365467766687fBB1132dc0B97eCb3447Fb6FD9Fd,2000000000,55
0xB9cF9e4Fc763e3A19B1ec42077EB6773Acbd97aa,2000000000,56
0x79b72Ca58C9c913665131b7e8FE924b5D805b3fD,2000000000,57
0x0A2a2C379c31AD44B1F3037f8cb574Ee030B0a0a,2000000000,59
0xBa008c1A6041bC30BAD608EDfE9cC821D006CAd0,2000000000,58
0xc6bB8976bA445b7A679bCbdDaAF1686B4dc9D930,2000000000,60
0x3F2D1fe842a4860D7E92e5e6ef11661799aa84e8,2000000000,61
0x6834b7787D8C17a4c2D8AEb8a9F7835EEbde7B7C,2000000000,62
0x640368a3C39210bC516Ca8d4fBf83917beCB0EA9,2000000000,63
0xAfa7126e9b46e3b00c9889DC48964E476409BB51,2000000000,64
0x516983B2d5a0b9d926824dFD115A6462361B9101,2000000000,66
0x5EEA2098A2473af8c8A1a04cc76bc35565Eb1588,2000000000,65
0x1e02728bb9fB7f38c12b77C06e8E250d3A697588,2000000000,67
0x6b0b94714ad7f7D5e9FA9e543B61AF3Af6743eCE,2000000000,68
0x4eAE7E40dD17138545B4EA2C1d9f9F759E2A6B85,2000000000,41
0x391aDDBa21D864146fF97573B1e88617a1FB4183,2000000000,70
0xA4c96577a518C7B5702BC792C217bB5F03634C6C,2000000000,71
0x7f5f9FA3968fc69918b70dC46f8c65C04fC6876b,2000000000,72
0x152d79e49Adf0b8da768eD184d1Da21B6A1E27FA,2000000000,73
0x4f50A37C36E6c3f7AF81BA5299165a2251bC202C,2000000000,74
0x33818Dd5231f02204FE56B4f0A4fd9745C40a783,2000000000,75
0x51847DA44C92C38E5f7587b775Bd9D6812692911,2000000000,76
0x7996FAb9b944EAb8ef49c8214192Ac4870167c66,2000000000,77
0xf8FC8775220506A72A902aECE30c72da1CdEe838,2000000000,78
0x160E70773FF7fA27D72B200cfCC5153F6f73eE8F,2000000000,79
0x06a5F01794726365eAa8e43978Fac9b1178F8c1D,2000000000,80
0x683E0172D60e2B8caC140EbEB28a58B05f16670A,2000000000,81
0x604f7872ff85CdB6A5aa59c9ae4AA2517F74AbDC,2000000000,82
0xa582926EDF1D1eC6e825b1CB0B04CB89dEdC4aD0,2000000000,83
0x19eD747612e75a11DD8a02fCdd3E6a922b9E9B95,2000000000,84
0x2E9662A0E4F2aCc2c45CE97660A22Ddc68B586e2,2000000000,69
0x61b890CFe3Ea6702Ddfb17F10Fda5e27d5727EF4,2000000000,87
0x870A71f68E764C09B0995e0Cf3F5e944c4526CEb,2000000000,86
0x5BaBb181fea52B64483F078D3086615C2d635927,2000000000,88
0xE5d2df758EB6564bC78E2D731EbDf66d583FA259,2000000000,2
0x41Bb83B7C67911785FB0cbad095d67ACf415c003,2000000000,1
0x4f2fD8f0466f6C58a14C1503c1CF2Bd7E4Ea2135,2000000000,92
0xAc6EF81e2706c285a994Bee1F75a608423b17aB6,2000000000,93
0x40d70D3eA4dbDaC4A5847C049D97ac6f74958aD7,2000000000,94
0xcF394EBA08eF7898e140c52D7e9AD66DF6afbF33,2000000000,85
0xD83af3de5E084c4C8497B6234F2bd1663F91fb1b,2000000000,96
0x25cfa69E099fB62D1be29895DfAD4fa915c79925,2000000000,95
0x972E6bD8747978Dd83131ae7b284dA7a03c8B4cf,2000000000,91
0x374D3b774e8bE1C1766CC1B3143e5b331b9B41FF,2000000000,97
0xF32DE2E4bff9c76DD91511b7176E6c3c94448d79,2000000000,99
0xE6Ec3054E964B037285DD9A929e2Cd97d8e60046,2000000000,89
0xE3E2E4D1110ac64A99daDE22b923430c976d2F79,2000000000,100
0x5ddEe705510614B32dFA6185EEA25BE9112E5012,2000000000,103
0x61Ebe4F881D648EEE971f9c2D3e46B9Fe006eD9A,2000000000,104
0xDbD9732c0f14de07370D09B37795ECC42883584E,2000000000,101
0x23172bC2835F3f9e8b6F8BDFE0F927b0564827F2,2000000000,105
0xfE3F4f1B2A509494E8A252f975B42579Fc3cF951,2000000000,106
0x532ad5c8bb120CDED2Ff7222962464f7CE79fBD3,2000000000,107
0x64a880057826BaCD7a1Ce8Df91AeaC9E7198F0e7,2000000000,102
0xb95179BA16E1c48B0842658bc357A2A93c4df65F,2000000000,108
0x0a4843f9f77845a836b2EE43869b3F995c82bb2F,2000000000,111
0x399f2866E44c82dae408f6c9a9598EbF47261495,2000000000,110
0x15858Bf9f389f38dA25c1E3D84CC37e74847686A,2000000000,112
0x4362992CD59F6E946782721453870eB138aEdcff,2000000000,113
0xEf0B654EfF5621306fb6F6591E5DD6DB146891a2,2000000000,114
0x949AC0Ea9961503A1129d1aDEA8a9a216C35fa50,2000000000,98
0x1E0e2cCEeaFd2784c3787498CDbE85984A01bA63,2000000000,116
0x3708dE24655750b7eCA53E87dc1a7bbfD00460E9,2000000000,117
0x6b0Ae4B50aEb4beE5E68D1668733C8775c81eed6,2000000000,118
0x0aD8A918274d53add44beAbD1E8aD6a64568E415,2000000000,119
0x20ABF7b1601a0B47D6837F9DBa1e01Ad257A5e2D,2000000000,120
0xb537D9E9149C07EFE8CbCc9e284d11e76501Ed15,2000000000,121
0x680D9F2F454F32C0B61F7dddb6675E339AfCF891,2000000000,122
0x24B27fF67d7eabD6A4Ac8a3DEDeB26A635a56d1b,2000000000,123
0x21272635A303652890adF07acF6DA5c582403CE6,2000000000,124
0xc3C4dA0A60B9F0AAAfc83f228B05bdC0D70EE2a9,2000000000,125
0x6A59C16c47DA0963B1D178A3C768256bCAF63017,2000000000,126
0xB30C47e027ada9fe1b2baC5077465180BBCe498b,2000000000,127
0xaFDB623410aB302a8bEe952F0f0BA31aCce7DBdb,2000000000,128
0x0a152e2d01348332848d3c1b70327F12C7893F34,2000000000,129
0x31F637681eFB4CfeB8d6611E4EF78CE882e971af,2000000000,130
0x39256Bc91Fb161Dad4e9FEA18C0cC20CDE2dD284,2000000000,131
0x4029d5BffD2bd8Fb45477d98d416301e4d6358Bf,2000000000,132
0x8d3926a675CF27311A8c0CEEb4E6D58187f1cA9B,2000000000,133
0x0cb74F5245DcCC2e35A5447503A478e511d0fC66,2000000000,134
0x21daA8d0d924c410C4639Da7e3334573c296B347,2000000000,135
0xbfD2A9f360f4026c8AF3B44D02Fec9B32c029D06,2000000000,136
0xdD9C6fFbf7de5c7B7720b09034eCE3d5e206ce3a,2000000000,137
0x36Bd617e0DaF5D28FB37EC189Fdcf95735e5aAb6,2000000000,138
0xDC29b5FEc4420D2F6DD2A4976e172CE9fa8e6B82,2000000000,139
0x7D55b13C3b178332f6E5a9C03a03dBbaFa5953c8,2000000000,140
0xBE440F793589e677a519F1028CA4818029d1D92b,2000000000,141
0x935806518b53eC516d511AB03027E49dED6ed98B,2000000000,142
0x290247D7621857Ce0e63135d7C0A5F1046840d6A,2000000000,143
0x9EFfF553A4aF46657eabA90a6f2659CA3943bd9c,2000000000,144
0xF005607212dC051DdAEd88C84f8a6D82045CF506,2000000000,145
0xB8eede6Fb019a7cdCC60Cdc2454d3277144C1e6c,2000000000,146
0xCAceEa1e2f139E48aFE907485AF040B8606fa831,2000000000,147
0x701A8a84f9FAcd1DA1881E115EF6b8c80Fcac1aD,2000000000,148
0x5d990F9606348F7f91F81264175D0F2A88d01074,2000000000,149
0x05a877543e0adB32b327a39c325C3d54E8D13807,2000000000,115
0x5f7ae2B585e35B2b81DA10EA5c77499814EEC4D8,2000000000,109
0xA03A015199602485Fc01ba9f287428ef38847Ac2,2000000000,152
0x6903d0AE93db9F799F3bD431f1666E474b792956,2000000000,153
0x406E42341E6317b8008EC4C7946Ff1680EbaBD04,2000000000,154
0xEe0B75FF4D93f9d6D4D071607Ce6EC91cc0eaa86,2000000000,90
0x46617eECD7443C5E755d09C7aC2D2985354f926A,2000000000,157
0x2067fAa074BE8093A039113a9275fc8761a9F3c1,2000000000,158
0xEF51C0328a2d07793a3f5770D65A7d2a029031b6,2000000000,151
0x73AD3B83e393d529518B14d7F552D1b0854cf1F9,2000000000,155
0xBEC57CcA59B561Cf5a668965DF107D9ad7b3fc97,2000000000,161
0x264E65980bA818a1e5176B8d31815E9E98568A63,2000000000,150
0xf3C2c909BE54c5B8cf8CFC6B4dCf4fF4d4e9B1fC,2000000000,159
0x53c4edc0600E6a4c086ca0D9ebf5502b1BB5D85f,2000000000,156
0x410De11E343f75E86D09ED830eC59D3D69514E80,2000000000,165
0xeC801cD9B16A1132280af8189a1c52E845d19E02,2000000000,164
0xf2F5adeb5Ffb1360703e31B67a3428618A78f278,2000000000,166
0x7e3e6038AC3fA80d13B3E945306e1d012E965e2C,2000000000,163
0x00A8189ccd296319Ff39399dD74b2D25B8Ba4342,2000000000,169
0x21bd676C93AC02Bc70a42d879885609C0d5F2ffC,2000000000,170
0xe59ca8B4E5a28693FdCb92BCD973a2557ED147f5,2000000000,168
0x7098a0B2aAb79FF82236e5F53bFAdf565528E845,2000000000,160
0xFFe8A1Fe2835429E0331d3ee2C33460D83f53859,2000000000,173
0xE6659DD7389647198A89491A5088E281974423E4,2000000000,172
0xfC9ABF7CC5E049F8B45eFD1Fb6Fdf3D62206d094,2000000000,174
0x04a12d17a3B2795e763FBcccdbc4AF2e3404CB36,2000000000,175
0xA88F685a39260Ff065bCEa1bF097E733851652b6,2000000000,176
0x07eAE0Ca3b7A7E2E28bD799E418e339972fdaBec,2000000000,177
0xD4c094a1bdD678B128B6207C487446d5f6afd08f,2000000000,179
0xb257e5583f6Ff88fB4b9B7aDd74Dabeb1eBF7F15,2000000000,178
0x1503940deb43B9717AC7ec934564C50b88faBA6E,2000000000,181
0xAf240c1B65e55BE48588e66279E5619637aCeEa2,2000000000,180
0x2b55FEF2c054123b241db2205bcf8f3e160D3aa4,2000000000,182
0x4d4C091a04da7f30D7fDCb45084acFdB5aA9CdA8,2000000000,185
0x22575cD0Fe908fe4f1Eb14C0b479A7ce4b41856C,2000000000,184
0xF03D7f94601963ccc06bb067d97F6C1CC186e333,2000000000,171
0x40F6e7040Ff638002322dFe45C762Da0BB624867,2000000000,183
0x04210f09d666CF04Bc24245dD5CcaFC566aF9F18,2000000000,186
0x6Fd98Ee1f095EB44c9D4Fa94cABb3d5329dC448A,2000000000,188
0xCb657e4d8Af8Ee39E3b5203113Aaf3493F11dbc8,2000000000,189
0x1Fcc5b2507A4eb23E6E567FE215256aC6B646fDF,2000000000,190
0xeC19c123dE16d94aa98c65DC7610B004E22F384C,2000000000,191
0x48172158248E1b8cd3491bcFEEAfdC6d6DaBA628,2000000000,192
0x17004B080070BC59D149F65B7b5E50D9E71E0298,2000000000,162
0x454cd33a3Ef8FaBD7A3Fce653bf787073Ac9C431,2000000000,194
0xA675295d6262454A0f3aE1b7A76Da26dec0Ed1FD,2000000000,167
0x20d01F07a6ca1b9EC115e83F44D16516f10fdBB9,2000000000,193
0xF30b9b335f46Bc2cDAc3c488F5739Bf20BBE3B1d,2000000000,197
0x7Bccb64C62C84EF24F7Ca819cC998473e1a7DfA5,2000000000,198
0x8D2c77c3562f5e70fB724692C25639Fc60FB5Dd0,2000000000,196
0x83A19fE7404A2f3e21f42a374743Ec55BDb2f11c,2000000000,199
0x24410027E53F554485F5AD89Ac8Aaec002299AAC,2000000000,200
0xB5F26be134ba6977Cf1b78E33fDab0163C27fd97,2000000000,187
0xD525bea2b2B43590F6F143e1656f937038f13b81,2000000000,201
0xfa8F760E0efC37F9ef4Ef5c2bb4BeC9ef200b5dD,2000000000,204
0xC4Fdc2eAAc55C28B76FfCe71bb0e6651D71922aE,2000000000,205
0x986878C4ee1C16e280Fa3e9c8BCF96E61b152DD3,2000000000,206
0xa6473671356BC54161aef94537Ab55b93545B9a4,2000000000,203
0x045854B9d81C0234C152c3AeE56eCA740E52a135,2000000000,195
0x8dC0b200536062E580607591D5d9DC08288A4ec9,2000000000,209
0x4851514a259d6b595e3D4a7d060CC49C271F499c,2000000000,210
0x829d7Cd4DE07fF7F7cCBC5D292093662627Ec58B,2000000000,211
0xA78b10cBE1AAB309371E7E55114af2F34064bDf3,2000000000,212
0x8aba2Cd5Ede05a8F5A9ee25E3746c19BfD5397d8,2000000000,213
0x2B477129fb509Ae06CAd0e9786A1a13Cb879c68b,2000000000,208
0x38c1309a611b2203cE432E925B5C5aF5b62821d3,2000000000,215
0xE32d07C64414c9ADa076a45ACc5B6E900F94dC66,2000000000,216
0x890afc3e5F0DBa934C85df2E160DBFeB5d474Fd2,2000000000,202
0x64B6E6cBfe34895bf761336B2C2aC4C85F43a377,2000000000,217
0x3bf184BA1340984618E9Bd0c76F03E4754Ddcddc,2000000000,207
0xd31679141E0298cA1f53Ef497737E593Fa2F7d92,2000000000,219
0xA8430Cdb7b10988255fAcd49de4dD96B21f47a8F,2000000000,220
0xe43AF3a65015A880fb70fcc3Cd2c2463457be59b,2000000000,218
0x57Dd54E30cB9c3ff89D5726476357113683FB144,2000000000,222
0x2229138742b0352EcBc8fCbF3ce30C0CA0C1b4c6,2000000000,223
0x97e6692cEBA1A9d6D665730f63fC9367F2A03f1E,2000000000,225
0xe1Dfb1750522D9C601214332BE2F76B767e161d9,2000000000,226
0x98F12B141e88BE72461131d616eD358B42106537,2000000000,227
0x6aB79556b65360513441F749593F79D12c5057a6,2000000000,224
0xEBB24AC4E2D64C4d2756e694c4e602f3A8844738,2000000000,229
0x5a35037454636f1753150426184d86D95720F12a,2000000000,214
0xcb727cc765f897cD0e9b6F47D49E1b2cD8782501,2000000000,231
0x785766d378f5770034BBdd243Ca57ac6743aE5eF,2000000000,232
0x47bA9a618E3a244ACFcf2D0bf4540DC614452Aae,2000000000,230
0x29b7E704d7fb31735F6E5aDd944a220A1fb8e26a,2000000000,234
0x08f13E515cad785eBC548Dce95832Ab4eC989145,2000000000,221
0xEF185Cd72ac8f5bdDC08e60e604D18d7337762B7,2000000000,236
0x4c780d5B54d7fC248C34545cB4714CA78DFC798e,2000000000,237
0x0dFa0F7753D6A228242856971A67b14CCf082f0d,2000000000,233
0xaF9f86233573df60B13A9e2947099C275F2392FA,2000000000,228
0xd35f34DDD490C9148691bc7DaF3B04CfFE1f9f3f,2000000000,240
0xB458410e8221e44Fa3b497E9A479c3f8529D6c63,2000000000,235
0xDA248a3a6041f5b3b2c8677524cDDe3Ef576e52e,2000000000,242
0x97b881cCf0ED9B266B808d7a8413A33d13BCb457,2000000000,239
0x0cd6bdec39ddC251A53B135bda411e71C02370C0,2000000000,243
0xeaa87C17924967C251F58eFaf6E4dc0054072D6E,2000000000,245
0xaf88e4a766a1a2895eeF19Ec007E679b34b08860,2000000000,244
0xdbB08352438f08bD5760147113F16127EF1e1775,2000000000,247
0x3eB4b376649Cd5d57D41C3BEF225c39e78731343,2000000000,238
0x2B7Fde0c5f3b350Cb2Aa69d77d2747cB363bB90D,2000000000,249
0x2FDed4c3F301610be39a62C8CC7618c0ddeEFE5F,2000000000,250
0xAd9Aab91eB49Be7Bc54Ad3f12C0b1E05C1468A4D,2000000000,248
0x140f9533a455dd33C508CeB03098Cc509e269F55,2000000000,252
0xc885c959dC8066a7Da23BeDFC45824Beb865A5D1,2000000000,254
0x836343903Aedb5A9a92f0c627499368e9ccEF27A,2000000000,253
0x1560Bba7283fF9A9211B08793f63B8E762a73a29,2000000000,246
0xC9E8752B3B9e625d528a32F2E040d43A2306396B,2000000000,255
0xEff95476053d7209fFe3500ae0A2f5Ed9ea1F804,2000000000,257
0x0cDb3e4B0AB9F109CD8779E67571C9eaf92B0559,2000000000,258
0x2fcB26CC82cF7f60930418E3B8779e75fB4Ea06e,2000000000,259
0xE167653E17bA70bb75552AEe22260b528327393F,2000000000,251
0x2DC2DdE5B934cd33510Bd3E340E81a1E0694dE80,2000000000,256
0x59c3Ea347535fb124f33bF53505F8cb4B91e76BB,2000000000,261
0x050AB6973917be6Ca1F69FEA1c602b25969C432E,2000000000,263
0xF3d3f5289f33Bea1aba7BC4Dc3a261c627D40f65,2000000000,262
0x321B7B5222C98ddE79E33e25883970A031CFF1d3,2000000000,265
0x65787B36C8c2E25E666F13eFFB4C39134F08dA92,2000000000,266
0x3519A7367C16730cd3C788E327917C24e1236522,2000000000,267
0x75675F26E936bbda2103c1F0401Dc85e8F214640,2000000000,268
0xE6234372Ee5D483bcf3F815D468bCa6b30DAd985,2000000000,269
0x51430E1C5b6c2Fa4F0c43Ea47206E74eb213c1F0,2000000000,270
0x661D09a8e547cC33D818bbfD79c518Ae6654cE0c,2000000000,241
0xB2EDb4A152ec6dCC81d58497185FC39695b43bE9,2000000000,272
0x06094f8DB8713E98D93E00Bb2f3Aaf5394159F40,2000000000,273
0x101d92F593d30Fb53b9A99ad1b73b560d7149110,2000000000,276
0x5bA2aaE5bF0cC806D5F5995fdB1A9EC3e66b5ec4,2000000000,274
0x40d474bbF034c2374Aa12861656299C3d0F6D2FB,2000000000,275
0xedA1B2A6113cCFbdb6FCaF8214c8FD89E3e0047f,2000000000,277
0xA77Fe409f1f977Bb504E3a081B1dB9dDc23E7e35,2000000000,278
0xc5F3F9314C4e83204472bBe142bA29352e7c9c43,2000000000,279
0xFB09BdF6d32F6B14c1135AfC9F8e11f615cBA8f5,2000000000,271
0x8724d3539DE2691e782E6f7D9f69DABeF48872a8,2000000000,281
0x3AB3568495f3A000e1d568B5C3EFbE0988F08235,2000000000,282
0xC8210636Bf4Fe09b7b32525c214F3EE698c518BB,2000000000,283
0xAAF9b70b894c5143C2a58f95CB093078E6C3f063,2000000000,284
0x71CC053C2904DC0F1C43bf9a802c47D2A054e855,2000000000,285
0xDc77905a3c0A3cc95EA616020A973f51bD8156C1,2000000000,288
0x6d5c0DDb932A7d558D67D24aB0f3bFE92fC507c9,2000000000,280
0xDC96e2BEE6865733A86e5Fe40C82Ab46d609F829,2000000000,287
0xcAa41565E89a7925558cae7C566560E9DcF11e2c,2000000000,290
0xF881FDed13804260ace6B659dA8D18c09E71747E,2000000000,286
0xDE654BA89BBc1636f50aa69222C465D93564BF7B,2000000000,291
0x0cCd63448692d99078CDB4D6c4940c12057093d4,2000000000,292
0xaFFb1Df0962180e2B854A1128395BbA740B272a3,2000000000,289
0x46813C9b8109Eac7189856a5B50af1dFD355F1B3,2000000000,264
0xAc1374f7a66268aDDBE8A4EeCD0F8b818930f57B,2000000000,293
0xb12C543deA7bA550128f595623030c791857AeAA,2000000000,295
0x0d1570C7ecAE6671cD4D87b4B200509Ac1C5Bc3c,2000000000,294
0x91476d9639A84A3a3c1e79052F3B386C65c2DEDE,2000000000,300
0x2252c2d4cdb70113AfAb92fe1835d031A7398c91,2000000000,299
0x637D73F24aDA718bc16fE372aAd54a7216CD772A,2000000000,297
0xb1849bf899d4Ec275A84e53555E3363A49978C3e,2000000000,301
0x0f3ee061AbB357f4aF3ef7c14a8594873B834BB4,2000000000,296
0x5FFf468fE91f6431ea8031563D14732Afe83BBC2,2000000000,302
0x3804d3B8555eCC2012C0E43095aF9442Ab7E9552,2000000000,260
0xD5619Ff3B4c621D2Cea2A72596A9706C44a330AB,2000000000,305
0xC4F2e4fd2056c46e276dfED0E8199249897bC5E5,2000000000,306
0x6384318CFD41b5fD1c494657c0462Ce93b1FFa7b,2000000000,307
0x023c8bBCb7005086422b706F5d88e7C91459406c,2000000000,308
0x6EE1e55884aB2A2Bba62d43656af457ff86AEBbd,2000000000,309
0x5ca5133E7363a5214fb096bd299004e0B7EE9D7b,2000000000,304
0x967A7800A608699F4e26009df80550ff60B33B64,2000000000,311
0x4Eb36eB802983ADCB4d49EB00290fDB076138f63,2000000000,298
0x8b29Bb6FBA1b8a11d42b314ABB96BdC756cfBaD5,2000000000,310
0x201f4025Fa75Eed4Ab09A7853C12a8177c53A2BA,2000000000,314
0x396152598bCE54cf989c401f9d49D403ac4cd0a0,2000000000,312
0x9Dfe819c21556131FA63d847C7896EE52e73d2D6,2000000000,313
0x830AaE4263CCf2c878c6F7663B1b997AFD8a2FE0,2000000000,303
0x7e51cA9396E87cf5b51534957087801Ea38f7872,2000000000,315
0x5dD270C3278B4715A472F9628899361b9D89124f,2000000000,316
0x104cDCF640cA9fF1EF87e2F2C975F8D77E13AAaD,2000000000,318
0x44987fD1E20feFf534Bf348Ff1DB6c72De71BB3c,2000000000,321
0x6C0201AEC6E227A53661a40f465226f6a9646Aef,2000000000,319
0xbB767238aCC7b1aAf6a215407C1Efcf36b8Cd946,2000000000,317
0x54f51D7bAa4ac0B848a7BED42d1c5b2a7DA72568,2000000000,323
0x5F35C405b89616D9610d48A19A1B0C6Eb1a55059,2000000000,320
0xC9C11b408690ca5fb6063c8f97047BfeB608F037,2000000000,326
0x6A879E74c01921aD11FfA75BD8b68160349D8732,2000000000,327
0x0Dd0D6CC669CE991E0653f05ED4E6FA9eE6Eca64,2000000000,328
0xAddD03884afF804F50df10FdBFADBF1A31996001,2000000000,329
0x76985b6D10DB25a1EBCa5d290dcC4c1fDdcB3137,2000000000,325
0xC245Aa36Dd85b5f847366D68492cdd77129277d2,2000000000,331
0x04Dc401315E4A48D8371240582fcd25B76478706,2000000000,332
0xA35d2e094E9358B36CDdb7A8b9804FbFd30fB316,2000000000,333
0x9e55054B948f5369143F62523DEB3DF887B6af1c,2000000000,334
0x9D4fbF46F019ba3799B8b30b2FCd3336A1e5208e,2000000000,335
0x649A69893ea32669e2c83D68a61fb6EDD720bb64,2000000000,336
0xd5753cE56B5DDA51369A5977604D75415f16A6FA,2000000000,337
0x6DED5134945B577381D0c9Fb167398ac25C4748E,2000000000,338
0xfeFa2d577B92624f91Bea46797065aF1d1eb2c2b,2000000000,339
0x127958a2254494d2aDc522e9C61411e0b7FC43D0,2000000000,322
0x259aD8878D14bc75248Cd8320194DF9D079c1D1e,2000000000,324
0x6dD5d0C4c8046d0808b78f071a8Fa43aafB45a26,2000000000,330
0xb5A713fb472B99Fe69C88337e39248F304b790e7,2000000000,342
0xb1D97dB6632AC7628f15Af6E6D84D65e834F7d90,2000000000,340
0xEEa9d48016646d049B36de8eF2Ca53E681dCf342,2000000000,345
0x6DDec9cfb5d9b490e867A8B46F36D6f240e4cFc3,2000000000,343
0xD7105FACC42cAa0E845738bf573b9ce1da5522b5,2000000000,347
0x8e9514117AF999f9366Ce287e27e4E9AFD5C0C46,2000000000,348
0xA54D8FFeCED8cb61C96278C16DaC6474C83B08ca,2000000000,346
0x89c0cCC1144F43De3dB3763C3991310a2855A8C2,2000000000,341
0x6a918FE8D7A932B3C617a1BCaD20b9F7dDc69363,2000000000,349
0xb35ABaFd366BE6e6EBaa257e078f281B867FC238,2000000000,352
0x82D1c322997EE388657303850e2bb6eF6371A575,2000000000,353
0x95F605f50Edfb79f87d74e640d5F74879005A824,2000000000,354
0xfAC3fbB5a3a12Ee3Dac20d325Ba07Baa2809B4Ac,2000000000,355
0x093470b25c3636E5a588D0C87B39CF82FD2672F4,2000000000,356
0x8D0dD12087297cf36Df2ac64B7b9C36786f8Fc64,2000000000,351
0x3F2AA23c8303F6408964fEf18df43f667943DB7E,2000000000,358
0xf17d12B330134e59bC44277F75729DfbE9F158Ff,2000000000,359
0x7c027499530d4C230F7355b86ecaCff71b781580,2000000000,360
0xBb34CC189e826D51f6d5b79b3dB3364bC3B0CB59,2000000000,357
0x9158A98BA257BfB186398c08c2fC1f2b155D702c,2000000000,350
0x202C5FA4c19D681B61C1d2eb21B3b191821B53A2,2000000000,344
0x0F35C356b033957a4c1d956F29d319d557Af91Ca,2000000000,364
0xF9BD324f797e7A788A47988Eb4855Fd4a2f657A7,2000000000,365
0xe863fB101960c8EE448B5E56F9D9279F363c2be4,2000000000,366
0xFd66B354096dD0a60f92604c002Fd4E5FfE562D6,2000000000,363
0x29A8EcDD8DCd0f03BAF3b68E0534B7308334Ebfa,2000000000,361
0x15ddb7d5cC84e1B6116E3387b7561be2B2d88654,2000000000,369
0x2D9a5cAb177A61C3d369EF22508FC34dF76FEf3d,2000000000,367
0x3E9F9DAee1BFA51A1b210b2A4Efd0Fcc7839c8bF,2000000000,371
0x9890a3160E5d400b29647D7Af6137dD6fbC7A2Cd,2000000000,373
0x14D7c4000DC7303C9DC5A64504E7740802EC3459,2000000000,374
0x7531F24d8127ba2afd4B8c34a2f8f853dABc4855,2000000000,372
0x534c3817747cD5D82386d5d5f2D8BF0Ef124Dc4a,2000000000,375
0xBEccca83c6Cecc2def27DDF2B321F4DE3066B533,2000000000,376
0xdAb21813176a913b7E684Fbb905f20cE26c580B7,2000000000,362
0x7a9d508657671cF83851ba4659972C718d602f2d,2000000000,368
0xac32DbFe17Ecd36a6A1af4ba0EcB86e8f1f569A3,2000000000,379
0x8E31EB912C1DA775d6487f5F8C107d0CC4343dFf,2000000000,380
0x309719A33C091f435307dCD1B26FC9B8991b601B,2000000000,377
0xfE4BE7bdd4F4DA491BF3D7d23F808a6bBbcE0B10,2000000000,370
0x5d9348BF0E26d965036ba8ED1F3C3A0dB60a2D09,2000000000,381
0x02C2B74A3Da4A6Ba0f1FB6B5671B193e61F1F689,2000000000,383
0x798aeDa28acd77A21f8302A5A8d3e3Eeb7C0Ee52,2000000000,385
0x8a694CC8e8Dc579E1c852641730a40A30bDe76c5,2000000000,378
0x5a5F785c2b65e75Aa6d00a5EacF6530834D07482,2000000000,387
0x69e6A14F0a1c5A0598b503c4654E953135F7C341,2000000000,388
0xf97d264d7AE52258511CA5c4e8e6c94771fb70fC,2000000000,384
0xc1641c1a0f382f01b5f6252C82eCAF79911c0dC8,2000000000,389
0x270C3CA1EB193485ed8885013e02eb8f6a1320ED,2000000000,386
0x98d32dDa071bBB5271ac758854cACAC7FF7c96A2,2000000000,392
0x28E8187BdDD9C3eB232d4ab023171634474fE12c,2000000000,394
0xCeB20ccCd4c789db549b741adda846108b98d8Ac,2000000000,393
0x306d08E78884f8761ecec0e799C2e21c612594ff,2000000000,395
0xa356251611e91377e11DDDB2524aC5857FF2808B,2000000000,390
0xa5ed03Ce44d18E5FB325c6f80ad5D1E1d1c5d569,2000000000,398
0x8843be71C52Ba3E1Bc692E0A1dc159657f17B7B7,2000000000,397
0x09F101b83aCD4EC78784D68620F7B68bed2cD926,2000000000,400
0x2dcaf13E461888aa1ee0663Ca4748fe660f2C8E4,2000000000,382
0xD3AD4b166069d7f95b10A5f8e0E393E035578599,2000000000,399
0xB857a06B2E0c464E21087B595Bc385137CAD6844,2000000000,396
0x5Ca9eF53F0767E20dbf8a880FfD37f2d63f4Ad4c,2000000000,402
0x1bDadC22dE98991Fc897c699aDC5A686a92B1aE2,2000000000,401
0x46EBA6058cB8e2Fe51CD7Ab36101Ed6f43Faf285,2000000000,405
0xfafbe610D9edAb57908CcA2803b475316f931B93,2000000000,391
0x742858F0f05eadbaA92c8B9a6e2306650EBAAa63,2000000000,408
0x5b51bfe3e5273F708306Bed4578aa6AF37b343Ad,2000000000,403
0x931c8B43fEE70d6B9fa5f68c3772154822eF441b,2000000000,409
0xfA4a5E46dbd8B7323375Fc1C503d721B704Eb692,2000000000,406
0x981168255A0F52d4a20ae654F17FF31afB76e4E7,2000000000,404
0x59473377aB29F56747de1c96da56cb58748e5886,2000000000,411
0xc70e202a627903A1dC63B4716C736A8C53e64773,2000000000,407
0x87E1B14ebfc604E7656860aBCc6AA54177c81600,2000000000,414
0xB457A290E83458A74712994D40B5a2D97DF88547,2000000000,415
0x95BcF164F8A0F5878f5B09B0ACf23226bD180b96,2000000000,416
0x80358977B114f64a71680d4c4aa0888062c03137,2000000000,413
0x8098aacA5826872d4ad06D6EbC07b2084928Db97,2000000000,418
0x8aF777068C946475De32eB678c25CaC97f403f33,2000000000,419
0x95A936E5D56B0D74E8d97941511093C7707a68EE,2000000000,420
0x8b412357ed559b67859e07B7166A5e7a9CB2A480,2000000000,421
0x1b0E408f89c72221cb97531f307AaEB6a125237e,2000000000,422
0x1B86002DC8A67fe2a6c7F82E4F5086F2e8A05001,2000000000,423
0x78E7b1608EE1Cd7FE3dEb225E7dE54D2d5DCFf1F,2000000000,412
0x7a0b519Ab64220289E16996B24A6ab1b48161541,2000000000,425
0xE14980E865Dbe1B4d3E26aAF77561215f83dAeF6,2000000000,426
0xcb239867303CfED125005D6548F6135CcF3c85C4,2000000000,427
0xca07d5D28714a63AAc7706B1E37424486cf3fD24,2000000000,417
0x17bE3aa16d97287757C0A4c6ec5056c2150e6765,2000000000,429
0x42962b591FbE1F3B1921d2406275Eb8388bf18BD,2000000000,430
0x10aB5DB3F60c4D7e207CFccE0fDf881EcF704c47,2000000000,431
0x430a611c15F2A7D56E6705568e7b5ABc045a5305,2000000000,428
0x170D7cC01B3eCA34433c3f3066e2c5c4b2642CC2,2000000000,410
0xDdf8e7Abde0030bb4a2395D72D2BBa8B711b2381,2000000000,436
0x90CD092f46F839785665AdCb3B9b7bA79d42876D,2000000000,435
0x044747D74476519DCE3089fB371baE1109408FF9,2000000000,433
0x35a11e6F1492138C87936190917f2B89597e457B,2000000000,434
0xa6927BBd5a7eA281eB766E6b84A1A956251Df95d,2000000000,432
0xff5daA298e839ee32bc42c3a92B3149dEdB26c0c,2000000000,440
0xd4B65f07B6De93A22A636025d61627a15282E8De,2000000000,441
0x121f1A999F219c02e41421BE86ba8d360Cd6C6ef,2000000000,438
0x4c07c604cad1302297d95E3586E0df2ac7a6c565,2000000000,443
0x488177fC3039Cd3C39CDAa5E93253951583B34b2,2000000000,424
0x30c1D419d77fbD10D21A525E1956B10E15DDad5c,2000000000,444
0x11178654Cb3dBD9576c9c86B348d0f5Ccd927f81,2000000000,445
0x5B035db781ED7fbe37ad9b14CdF55C7a237e319D,2000000000,447
0xc30FB0b2458A1B4035a203D0f1428F23956617D0,2000000000,446
0xec8A9c0952e721ce8D04dAF83e7dd53F9a5aa646,2000000000,448
0xCa24C2821e865a127481922525520e793Da1E019,2000000000,442
0xdF7ec2bb399eb9D87D71A4D9A3B76bE0a97BDf4a,2000000000,451
0x9fc037cd946d027331426E44a6602714889EA8a7,2000000000,450
0x0Cd69497f0F117D4B757abb9e77f8A96f1E1F512,2000000000,439
0x0f363BA4d4B8089C87bb9614ABECCDEe8D5869F4,2000000000,449
0xDDAD076e64975428B5047062AFD012BE84ACD7bF,2000000000,454
0x6bD416c4eCff0C41b6AD5BeA38A1e392Df0b7562,2000000000,452
0xeF348C2D62b42250C2ee02F2E492A82fA74EE37b,2000000000,456
0x2e6E8C7DD40dAf7E6d7894b9cf1a4384BDd8e09f,2000000000,453
0x01282a12593093f807b33192FfB3E65fd8986f6f,2000000000,455
0x7E03A840C8Da46b79765D279E368eA016d63A0eA,2000000000,457
0x07bc661d3F578178B53eddA334AB812130d1559a,2000000000,461
0x22238aB649fcF9E55c3288408f2ce05Ab40155D5,2000000000,462
0x65e6396e34CF05457FC658c66137C020FCd5F258,2000000000,460
0xd083a7f0bFEE8F5B18D4Eea7711e4a8Fce0E114f,2000000000,463
0x543660E139a5177F83938D1a6DD0BfEb184e97a6,2000000000,464
0x164b022B7F36231c53ec2abD2113733e261C4C3d,2000000000,465
0xdA74F4d1298B78aBe2B6A782d36abC1B69a19F03,2000000000,466
0x5f598Bc7442E35aE5B7d6cbdAb9c75ba5a4B5011,2000000000,467
0xFdFc430A8636c7A4Fa1b87e58D26C10918c7dbab,2000000000,468
0x6A205575fB40a7cff1d338225feEe4068b4bCA33,2000000000,458
0x241eE201C39f76363Ab3dE44c3212d81e0316BAf,2000000000,437
0x7f43557997bf1A9002c1F1eA8162fb8Fc5f20D35,2000000000,471
0xe49c8Cde2f95498f6D1390204572BbC6D636fadb,2000000000,469
0xD507D66942CaAD1D05F2aB4F08C4b5DD526027CA,2000000000,470
0xC2991aA29e6A17F31e17753f22AaD3d547A077A0,2000000000,472
0xbcF67Bf5d7B29fCf1243A86fcbe0C3abEb78f55d,2000000000,473
0x43829f2045e62B4D57Ea101db6a97AFCBAf46811,2000000000,459
0xDDbbeD80395A6A9a39DFCE0Bb1C1Ffd3f92281FE,2000000000,477
0x734E79f3576F4b833dba052B541Ac8Eef03ddb5D,2000000000,475
0xd6CE3D2d4cfe4696E3BF5c93E7E8D3818CCE8B3a,2000000000,479
0x965aCa6Ba361EC87069050D3C2794671C2c36A56,2000000000,480
0x88cDcaF8A380999E681066559a49857683b063D4,2000000000,481
0x682443A26B862d7EA9F0fcb31aF6e373D782137a,2000000000,482
0x3313B7A5531bf3194c734Cbc16E8A553a6523fD7,2000000000,483
0x498D8c7babF3304943b6cAf4ff65cf4b028D99A1,2000000000,476
0x4342f6685b846901Cd89163A67749ADD7040188C,2000000000,478
0x9539f881dBE2Eba30f48278279EE940bA1f908bc,2000000000,474
0x4E60f082b4F090D450a034795b7879c3ea6f7fF5,2000000000,484
0xe3665c9AD6D1D243c2AD5f6252269e0238C6eA33,2000000000,487
0x8B3AAFa53ecE740ea131D56fcC41CB67796C7a50,2000000000,489
0x2B07CB2420716027a0d70a729289CB7f06bE279E,2000000000,490
0x93E923B585CB772615160646eEe3B88eAb664061,2000000000,491
0xfecA35FF986065dE01364EaCD0E3A1c803e8593C,2000000000,485
0x267f38E7c0c6eccB6c3924cCd958E5B25668197F,2000000000,488
0x944059Db87Dc1A47D081623eAcC8d26eb581fB9a,2000000000,494
0x32C936e13D5dcb9855f6534c3a4977A0729A1e2E,2000000000,495
0x5957C8a2586C196e1228b4aD14E00b76A5001624,2000000000,496
0xDe2f57fd2aE3a16834A17461182E221b2E031a98,2000000000,497
0xa0D40400D99cA56da7fe3a104a72881934c8791a,2000000000,499
0xeE41E5a79D08647Ac73F81128743fF88859b7659,2000000000,486
0xF2AE2cF8E814B0337d6fe821d6135A93abb6d995,2000000000,493
0xb26450e8626e0129aC98d58266B5dfb4e5FdA2f4,2000000000,498
0xCf9e9d8633f4a10bA718E8655797cf2bB849c79c,2000000000,492
